ts_utc,event,symbol,side,qty,entry,sl,tp1,mode,range_mode,rr,exit_price,extra
2025-09-26T16:17:43+00:00,ENTER,SOLUSDT,long,30.3,197.7,194.61999999999998,203.85999999999999,full,trend,2.0,,
2025-09-26T16:17:51+00:00,ENTER,SOLUSDT,long,30.3,197.7,194.61999999999998,203.85999999999999,full,trend,2.0,,
2025-09-26T16:17:59+00:00,ENTER,SOLUSDT,long,30.3,197.7,194.61999999999998,203.85999999999999,full,trend,2.0,,
2025-09-26T16:18:07+00:00,ENTER,SOLUSDT,long,30.3,197.7,194.61999999999998,203.85999999999999,full,trend,2.0,,
2025-09-26T16:18:15+00:00,ENTER,SOLUSDT,long,30.3,197.7,194.61999999999998,203.85999999999999,full,trend,2.0,,
2025-09-26T16:18:22+00:00,ENTER,SOLUSDT,long,30.3,197.7,194.61999999999998,203.85999999999999,full,trend,2.0,,
2025-09-26T16:18:31+00:00,ENTER,SOLUSDT,long,30.3,197.7,194.61999999999998,203.85999999999999,full,trend,2.0,,
2025-09-26T16:18:38+00:00,ENTER,SOLUSDT,long,30.3,197.7,194.61571428571426,203.8685714285714,full,trend,2.0,,
2025-09-26T16:18:46+00:00,ENTER,SOLUSDT,long,30.3,197.7,194.60999999999999,203.88,full,trend,2.0,,
2025-09-26T16:18:54+00:00,ENTER,SOLUSDT,long,30.3,197.7,194.60999999999999,203.88,full,trend,2.0,,
2025-09-26T16:19:01+00:00,ENTER,SOLUSDT,long,30.3,197.7,194.60999999999999,203.88,full,trend,2.0,,
2025-09-26T16:19:09+00:00,ENTER,SOLUSDT,long,30.3,197.7,194.60999999999999,203.88,full,trend,2.0,,
2025-09-26T16:19:17+00:00,ENTER,SOLUSDT,long,30.3,197.7,194.60999999999999,203.88,full,trend,2.0,,
2025-09-26T16:19:25+00:00,ENTER,SOLUSDT,long,30.3,197.7,194.60999999999999,203.88,full,trend,2.0,,
2025-09-26T16:19:32+00:00,ENTER,SOLUSDT,long,30.3,197.7,194.60999999999999,203.88,full,trend,2.0,,
2025-09-26T16:19:40+00:00,ENTER,SOLUSDT,long,30.3,197.7,194.60999999999999,203.88,full,trend,2.0,,
2025-09-26T16:19:48+00:00,ENTER,SOLUSDT,long,30.3,197.7,194.60999999999999,203.88,full,trend,2.0,,
2025-09-26T16:19:56+00:00,ENTER,SOLUSDT,long,30.3,197.7,194.60999999999999,203.88,full,trend,2.0,,
2025-09-26T16:20:04+00:00,ENTER,SOLUSDT,long,30.3,197.7,194.60999999999999,203.88,full,trend,2.0,,
2025-09-26T16:20:12+00:00,ENTER,SOLUSDT,long,30.3,197.7,194.60999999999999,203.88,full,trend,2.0,,
2025-09-26T16:20:20+00:00,ENTER,SOLUSDT,long,30.3,197.7,194.60999999999999,203.88,full,trend,2.0,,
2025-09-26T16:20:28+00:00,ENTER,SOLUSDT,long,30.3,197.7,194.60999999999999,203.88,full,trend,2.0,,
2025-09-26T16:20:35+00:00,ENTER,SOLUSDT,long,30.3,197.7,194.60999999999999,203.88,full,trend,2.0,,
2025-09-26T16:20:43+00:00,ENTER,SOLUSDT,long,30.3,197.7,194.60999999999999,203.88,full,trend,2.0,,
2025-09-26T16:20:51+00:00,ENTER,SOLUSDT,long,30.3,197.7,194.60999999999999,203.88,full,trend,2.0,,
2025-09-26T16:20:58+00:00,ENTER,SOLUSDT,long,30.3,197.7,194.60999999999999,203.88,full,trend,2.0,,
2025-09-26T16:21:06+00:00,ENTER,SOLUSDT,long,30.3,197.7,194.60999999999999,203.88,full,trend,2.0,,
2025-09-26T16:21:14+00:00,ENTER,SOLUSDT,long,30.3,197.7,194.60999999999999,203.88,full,trend,2.0,,
2025-09-26T16:21:22+00:00,ENTER,SOLUSDT,long,30.3,197.7,194.60999999999999,203.88,full,trend,2.0,,
2025-09-26T16:21:45+00:00,ENTER,SOLUSDT,long,30.3,197.7,194.60999999999999,203.88,full,trend,2.0,,
2025-09-26T16:21:52+00:00,ENTER,SOLUSDT,long,30.3,197.7,194.60999999999999,203.88,full,trend,2.0,,
2025-09-26T16:22:00+00:00,ENTER,SOLUSDT,long,30.3,197.7,194.60999999999999,203.88,full,trend,2.0,,
2025-09-26T16:22:08+00:00,ENTER,SOLUSDT,long,30.3,197.7,194.60999999999999,203.88,full,trend,2.0,,
2025-09-26T16:22:15+00:00,ENTER,SOLUSDT,long,30.3,197.7,194.60999999999999,203.88,full,trend,2.0,,
2025-09-26T16:22:23+00:00,ENTER,SOLUSDT,long,30.3,197.7,194.60999999999999,203.88,full,trend,2.0,,
2025-09-26T16:22:31+00:00,ENTER,SOLUSDT,long,30.3,197.7,194.60999999999999,203.88,full,trend,2.0,,
2025-09-26T16:22:38+00:00,ENTER,SOLUSDT,long,30.3,197.7,194.60999999999999,203.88,full,trend,2.0,,
2025-09-26T16:22:46+00:00,ENTER,SOLUSDT,long,30.3,197.7,194.60999999999999,203.88,full,trend,2.0,,
2025-09-26T16:22:54+00:00,ENTER,SOLUSDT,long,30.3,197.7,194.60285714285712,203.8942857142857,full,trend,2.0,,
2025-09-26T16:23:01+00:00,ENTER,SOLUSDT,long,30.3,197.7,194.60285714285712,203.8942857142857,full,trend,2.0,,
2025-09-26T16:23:09+00:00,ENTER,SOLUSDT,long,30.3,197.7,194.60285714285712,203.8942857142857,full,trend,2.0,,
2025-09-26T16:23:17+00:00,ENTER,SOLUSDT,long,30.3,197.7,194.60285714285712,203.8942857142857,full,trend,2.0,,
2025-09-26T16:23:24+00:00,ENTER,SOLUSDT,long,30.3,197.7,194.60285714285712,203.8942857142857,full,trend,2.0,,
2025-09-26T16:23:32+00:00,ENTER,SOLUSDT,long,30.3,197.7,194.60285714285712,203.8942857142857,full,trend,2.0,,
2025-09-26T16:23:39+00:00,ENTER,SOLUSDT,long,30.3,197.7,194.60285714285712,203.8942857142857,full,trend,2.0,,
2025-09-26T16:23:47+00:00,ENTER,SOLUSDT,long,30.3,197.7,194.60285714285712,203.8942857142857,full,trend,2.0,,
2025-09-26T16:23:55+00:00,ENTER,SOLUSDT,long,30.3,197.7,194.60285714285712,203.8942857142857,full,trend,2.0,,
2025-09-26T16:24:02+00:00,ENTER,SOLUSDT,long,30.3,197.7,194.60285714285712,203.8942857142857,full,trend,2.0,,
2025-09-26T16:24:10+00:00,ENTER,SOLUSDT,long,30.3,197.7,194.60285714285712,203.8942857142857,full,trend,2.0,,
2025-09-26T16:24:18+00:00,ENTER,SOLUSDT,long,30.3,197.7,194.60285714285712,203.8942857142857,full,trend,2.0,,
2025-09-26T16:24:26+00:00,ENTER,SOLUSDT,long,30.3,197.7,194.60285714285712,203.8942857142857,full,trend,2.0,,
2025-09-26T16:24:33+00:00,ENTER,SOLUSDT,long,30.3,197.7,194.60285714285712,203.8942857142857,full,trend,2.0,,
2025-09-26T16:24:41+00:00,ENTER,SOLUSDT,long,30.3,197.7,194.60285714285712,203.8942857142857,full,trend,2.0,,
2025-09-26T16:24:48+00:00,ENTER,SOLUSDT,long,30.3,197.7,194.60285714285712,203.8942857142857,full,trend,2.0,,
2025-09-26T16:24:56+00:00,ENTER,SOLUSDT,long,30.3,197.7,194.60285714285712,203.8942857142857,full,trend,2.0,,
2025-09-26T16:25:04+00:00,ENTER,SOLUSDT,long,30.3,197.7,194.60285714285712,203.8942857142857,full,trend,2.0,,
2025-09-26T16:25:11+00:00,ENTER,SOLUSDT,long,30.3,197.7,194.60285714285712,203.8942857142857,full,trend,2.0,,
2025-09-26T16:25:19+00:00,ENTER,SOLUSDT,long,30.3,197.7,194.60285714285712,203.8942857142857,full,trend,2.0,,
2025-09-26T16:25:26+00:00,ENTER,SOLUSDT,long,30.3,197.7,194.60285714285712,203.8942857142857,full,trend,2.0,,
2025-09-26T16:25:34+00:00,ENTER,SOLUSDT,long,30.3,197.7,194.60285714285712,203.8942857142857,full,trend,2.0,,
2025-09-26T16:25:41+00:00,ENTER,SOLUSDT,long,30.3,197.7,194.60285714285712,203.8942857142857,full,trend,2.0,,
2025-09-26T16:25:49+00:00,ENTER,SOLUSDT,long,30.3,197.7,194.60285714285712,203.8942857142857,full,trend,2.0,,
2025-09-26T16:25:57+00:00,ENTER,SOLUSDT,long,30.3,197.7,194.60285714285712,203.8942857142857,full,trend,2.0,,
2025-09-26T16:26:04+00:00,ENTER,SOLUSDT,long,30.3,197.7,194.60285714285712,203.8942857142857,full,trend,2.0,,
2025-09-26T17:11:24+00:00,ENTER,BNBUSDT,long,6.28,954.0,944.1428571428571,973.7142857142857,full,trend,2.0,,
2025-09-26T17:11:32+00:00,ENTER,BNBUSDT,long,6.28,954.0,944.1428571428571,973.7142857142857,full,trend,2.0,,
2025-09-26T17:11:40+00:00,ENTER,BNBUSDT,long,6.28,954.0,944.1428571428571,973.7142857142857,full,trend,2.0,,
2025-09-26T17:11:48+00:00,ENTER,BNBUSDT,long,6.28,954.0,944.1428571428571,973.7142857142857,full,trend,2.0,,
2025-09-26T17:11:55+00:00,ENTER,BNBUSDT,long,6.28,954.0,944.1428571428571,973.7142857142857,full,trend,2.0,,
2025-09-26T17:12:03+00:00,ENTER,BNBUSDT,long,6.28,954.0,944.1428571428571,973.7142857142857,full,trend,2.0,,
2025-09-26T17:12:11+00:00,ENTER,BNBUSDT,long,6.28,954.0,944.1428571428571,973.7142857142857,full,trend,2.0,,
2025-09-26T17:12:18+00:00,ENTER,BNBUSDT,long,6.28,954.0,944.1428571428571,973.7142857142857,full,trend,2.0,,
2025-09-26T17:12:27+00:00,ENTER,BNBUSDT,long,6.28,954.0,944.1428571428571,973.7142857142857,full,trend,2.0,,
2025-09-26T17:12:35+00:00,ENTER,BNBUSDT,long,6.28,954.0,944.1428571428571,973.7142857142857,full,trend,2.0,,
2025-09-26T17:12:43+00:00,ENTER,BNBUSDT,long,6.28,954.0,944.1428571428571,973.7142857142857,full,trend,2.0,,
2025-09-26T17:12:51+00:00,ENTER,BNBUSDT,long,6.28,954.0,944.1428571428571,973.7142857142857,full,trend,2.0,,
2025-09-26T17:12:59+00:00,ENTER,BNBUSDT,long,6.28,954.0,944.1428571428571,973.7142857142857,full,trend,2.0,,
2025-09-26T17:13:06+00:00,ENTER,BNBUSDT,long,6.28,954.0,944.1428571428571,973.7142857142857,full,trend,2.0,,
2025-09-26T17:13:14+00:00,ENTER,BNBUSDT,long,6.28,954.0,944.1428571428571,973.7142857142857,full,trend,2.0,,
2025-09-26T17:13:22+00:00,ENTER,BNBUSDT,long,6.28,954.0,944.1428571428571,973.7142857142857,full,trend,2.0,,
2025-09-26T17:13:29+00:00,ENTER,BNBUSDT,long,6.28,954.0,944.1428571428571,973.7142857142857,full,trend,2.0,,
2025-09-26T17:13:37+00:00,ENTER,BNBUSDT,long,6.28,954.0,944.1428571428571,973.7142857142857,full,trend,2.0,,
2025-09-26T17:13:45+00:00,ENTER,BNBUSDT,long,6.28,954.0,944.1428571428571,973.7142857142857,full,trend,2.0,,
2025-09-26T17:13:52+00:00,ENTER,BNBUSDT,long,6.28,954.0,944.1428571428571,973.7142857142857,full,trend,2.0,,
2025-09-26T17:14:00+00:00,ENTER,BNBUSDT,long,6.28,954.0,944.1428571428571,973.7142857142857,full,trend,2.0,,
2025-09-26T17:14:07+00:00,ENTER,BNBUSDT,long,6.28,954.0,944.1428571428571,973.7142857142857,full,trend,2.0,,
2025-09-26T17:14:15+00:00,ENTER,BNBUSDT,long,6.28,954.0,944.1428571428571,973.7142857142857,full,trend,2.0,,
2025-09-26T17:14:23+00:00,ENTER,BNBUSDT,long,6.28,954.0,944.1428571428571,973.7142857142857,full,trend,2.0,,
2025-09-26T17:14:31+00:00,ENTER,BNBUSDT,long,6.28,954.0,944.1428571428571,973.7142857142857,full,trend,2.0,,
2025-09-26T17:14:38+00:00,ENTER,BNBUSDT,long,6.28,954.0,944.1428571428571,973.7142857142857,full,trend,2.0,,
2025-09-26T17:14:46+00:00,ENTER,BNBUSDT,long,6.28,954.0,944.1428571428571,973.7142857142857,full,trend,2.0,,
2025-09-26T17:14:53+00:00,ENTER,BNBUSDT,long,6.28,954.0,944.1428571428571,973.7142857142857,full,trend,2.0,,
2025-09-26T17:15:01+00:00,ENTER,BNBUSDT,long,6.2700000000000005,955.8,945.9428571428571,975.5142857142856,full,trend,2.0,,
2025-09-26T17:15:08+00:00,ENTER,BNBUSDT,long,6.2700000000000005,955.8,945.9428571428571,975.5142857142856,full,trend,2.0,,
2025-09-26T17:15:16+00:00,ENTER,BNBUSDT,long,6.2700000000000005,955.8,945.9428571428571,975.5142857142856,full,trend,2.0,,
2025-09-26T17:15:23+00:00,ENTER,BNBUSDT,long,6.2700000000000005,955.8,945.9428571428571,975.5142857142856,full,trend,2.0,,
2025-09-26T17:15:31+00:00,ENTER,BNBUSDT,long,6.2700000000000005,955.8,945.9428571428571,975.5142857142856,full,trend,2.0,,
2025-09-26T17:15:39+00:00,ENTER,BNBUSDT,long,6.2700000000000005,955.8,945.9428571428571,975.5142857142856,full,trend,2.0,,
2025-09-26T17:15:46+00:00,ENTER,BNBUSDT,long,6.2700000000000005,955.8,945.9428571428571,975.5142857142856,full,trend,2.0,,
2025-09-26T17:15:54+00:00,ENTER,BNBUSDT,long,6.2700000000000005,955.8,945.9428571428571,975.5142857142856,full,trend,2.0,,
2025-09-26T17:16:01+00:00,ENTER,BNBUSDT,long,6.2700000000000005,955.8,945.9428571428571,975.5142857142856,full,trend,2.0,,
2025-09-26T17:16:09+00:00,ENTER,BNBUSDT,long,6.2700000000000005,955.8,945.9428571428571,975.5142857142856,full,trend,2.0,,
2025-09-26T17:16:17+00:00,ENTER,BNBUSDT,long,6.2700000000000005,955.8,945.9428571428571,975.5142857142856,full,trend,2.0,,
2025-09-26T17:16:24+00:00,ENTER,BNBUSDT,long,6.2700000000000005,955.8,945.9285714285714,975.5428571428571,full,trend,2.0,,
2025-09-26T17:16:32+00:00,ENTER,BNBUSDT,long,6.2700000000000005,955.8,945.9285714285714,975.5428571428571,full,trend,2.0,,
2025-09-26T17:16:39+00:00,ENTER,BNBUSDT,long,6.2700000000000005,955.8,945.9285714285714,975.5428571428571,full,trend,2.0,,
2025-09-26T17:16:47+00:00,ENTER,BNBUSDT,long,6.2700000000000005,955.8,945.9285714285714,975.5428571428571,full,trend,2.0,,
2025-09-26T17:16:55+00:00,ENTER,BNBUSDT,long,6.2700000000000005,955.8,945.9285714285714,975.5428571428571,full,trend,2.0,,
2025-09-26T17:17:02+00:00,ENTER,BNBUSDT,long,6.2700000000000005,955.8,945.9285714285714,975.5428571428571,full,trend,2.0,,
2025-09-26T17:19:56+00:00,ENTER,BNBUSDT,long,6.2700000000000005,955.8,945.9142857142857,975.5714285714284,full,trend,2.0,,
2025-09-26T17:20:02+00:00,ENTER,BNBUSDT,long,6.2700000000000005,955.8,945.9142857142857,975.5714285714284,full,trend,2.0,,
2025-09-26T17:20:08+00:00,ENTER,BNBUSDT,long,6.2700000000000005,955.8,945.9142857142857,975.5714285714284,full,trend,2.0,,
2025-09-26T17:20:14+00:00,ENTER,BNBUSDT,long,6.2700000000000005,955.8,945.9142857142857,975.5714285714284,full,trend,2.0,,
2025-09-26T17:20:21+00:00,ENTER,BNBUSDT,long,6.2700000000000005,955.8,945.9142857142857,975.5714285714284,full,trend,2.0,,
2025-09-26T17:20:27+00:00,ENTER,BNBUSDT,long,6.2700000000000005,955.8,945.9142857142857,975.5714285714284,full,trend,2.0,,
2025-09-26T17:20:33+00:00,ENTER,BNBUSDT,long,6.2700000000000005,955.8,945.9142857142857,975.5714285714284,full,trend,2.0,,
2025-09-26T17:20:39+00:00,ENTER,BNBUSDT,long,6.2700000000000005,955.8,945.9142857142857,975.5714285714284,full,trend,2.0,,
2025-09-26T17:20:46+00:00,ENTER,BNBUSDT,long,6.2700000000000005,955.8,945.9142857142857,975.5714285714284,full,trend,2.0,,
2025-09-26T17:20:52+00:00,ENTER,BNBUSDT,long,6.2700000000000005,955.8,945.9142857142857,975.5714285714284,full,trend,2.0,,
2025-09-26T17:20:59+00:00,ENTER,BNBUSDT,long,6.2700000000000005,955.8,945.9142857142857,975.5714285714284,full,trend,2.0,,
2025-09-26T17:21:05+00:00,ENTER,BNBUSDT,long,6.2700000000000005,955.8,945.9142857142857,975.5714285714284,full,trend,2.0,,
2025-09-26T17:21:12+00:00,ENTER,BNBUSDT,long,6.2700000000000005,955.8,945.9142857142857,975.5714285714284,full,trend,2.0,,
2025-09-26T17:21:18+00:00,ENTER,BNBUSDT,long,6.2700000000000005,955.8,945.9142857142857,975.5714285714284,full,trend,2.0,,
2025-09-26T17:21:25+00:00,ENTER,BNBUSDT,long,6.2700000000000005,955.8,945.9142857142857,975.5714285714284,full,trend,2.0,,
2025-09-26T17:21:31+00:00,ENTER,BNBUSDT,long,6.2700000000000005,955.8,945.9142857142857,975.5714285714284,full,trend,2.0,,
2025-09-26T17:21:37+00:00,ENTER,BNBUSDT,long,6.2700000000000005,955.8,945.9142857142857,975.5714285714284,full,trend,2.0,,
2025-09-26T17:21:43+00:00,ENTER,BNBUSDT,long,6.2700000000000005,955.8,945.9142857142857,975.5714285714284,full,trend,2.0,,
2025-09-26T17:21:49+00:00,ENTER,BNBUSDT,long,6.2700000000000005,955.8,945.9142857142857,975.5714285714284,full,trend,2.0,,
2025-09-26T17:21:55+00:00,ENTER,BNBUSDT,long,6.2700000000000005,955.8,945.9142857142857,975.5714285714284,full,trend,2.0,,
2025-09-26T17:22:02+00:00,ENTER,BNBUSDT,long,6.2700000000000005,955.8,945.9142857142857,975.5714285714284,full,trend,2.0,,
2025-09-26T17:22:08+00:00,ENTER,BNBUSDT,long,6.2700000000000005,955.8,945.9142857142857,975.5714285714284,full,trend,2.0,,
2025-09-26T17:22:14+00:00,ENTER,BNBUSDT,long,6.2700000000000005,955.8,945.9142857142857,975.5714285714284,full,trend,2.0,,
2025-09-26T17:22:20+00:00,ENTER,BNBUSDT,long,6.2700000000000005,955.8,945.9142857142857,975.5714285714284,full,trend,2.0,,
2025-09-26T17:22:26+00:00,ENTER,BNBUSDT,long,6.2700000000000005,955.8,945.9142857142857,975.5714285714284,full,trend,2.0,,
2025-09-26T17:22:32+00:00,ENTER,BNBUSDT,long,6.2700000000000005,955.8,945.9142857142857,975.5714285714284,full,trend,2.0,,
2025-09-26T17:22:38+00:00,ENTER,BNBUSDT,long,6.2700000000000005,955.8,945.9142857142857,975.5714285714284,full,trend,2.0,,
2025-09-26T17:22:45+00:00,ENTER,BNBUSDT,long,6.2700000000000005,955.8,945.9142857142857,975.5714285714284,full,trend,2.0,,
2025-09-26T17:22:51+00:00,ENTER,BNBUSDT,long,6.2700000000000005,955.8,945.9142857142857,975.5714285714284,full,trend,2.0,,
2025-09-26T17:22:58+00:00,ENTER,BNBUSDT,long,6.2700000000000005,955.8,945.9142857142857,975.5714285714284,full,trend,2.0,,
2025-09-26T17:23:04+00:00,ENTER,BNBUSDT,long,6.2700000000000005,955.8,945.9142857142857,975.5714285714284,full,trend,2.0,,
2025-09-26T17:23:10+00:00,ENTER,BNBUSDT,long,6.2700000000000005,955.8,945.9142857142857,975.5714285714284,full,trend,2.0,,
2025-09-26T17:23:17+00:00,ENTER,BNBUSDT,long,6.2700000000000005,955.8,945.9142857142857,975.5714285714284,full,trend,2.0,,
2025-09-26T17:23:23+00:00,ENTER,BNBUSDT,long,6.2700000000000005,955.8,945.9142857142857,975.5714285714284,full,trend,2.0,,
2025-09-26T17:23:29+00:00,ENTER,BNBUSDT,long,6.2700000000000005,955.8,945.9142857142857,975.5714285714284,full,trend,2.0,,
2025-09-26T17:23:36+00:00,ENTER,BNBUSDT,long,6.2700000000000005,955.8,945.9142857142857,975.5714285714284,full,trend,2.0,,
2025-09-26T17:23:42+00:00,ENTER,BNBUSDT,long,6.2700000000000005,955.8,945.9142857142857,975.5714285714284,full,trend,2.0,,
2025-09-26T17:23:48+00:00,ENTER,BNBUSDT,long,6.2700000000000005,955.8,945.9071428571428,975.5857142857142,full,trend,2.0,,
2025-09-26T17:23:54+00:00,ENTER,BNBUSDT,long,6.2700000000000005,955.8,945.9071428571428,975.5857142857142,full,trend,2.0,,
2025-09-26T17:24:01+00:00,ENTER,BNBUSDT,long,6.2700000000000005,955.8,945.9071428571428,975.5857142857142,full,trend,2.0,,
2025-09-26T17:24:07+00:00,ENTER,BNBUSDT,long,6.2700000000000005,955.8,945.8285714285714,975.742857142857,full,trend,2.0,,
2025-09-26T17:24:13+00:00,ENTER,BNBUSDT,long,6.2700000000000005,955.8,945.7857142857142,975.8285714285713,full,trend,2.0,,
2025-09-26T17:24:20+00:00,ENTER,BNBUSDT,long,6.2700000000000005,955.8,945.7857142857142,975.8285714285713,full,trend,2.0,,
2025-09-26T17:24:26+00:00,ENTER,BNBUSDT,long,6.2700000000000005,955.8,945.7785714285714,975.842857142857,full,trend,2.0,,
2025-09-26T17:24:32+00:00,ENTER,BNBUSDT,long,6.2700000000000005,955.8,945.7785714285714,975.842857142857,full,trend,2.0,,
2025-09-26T17:24:39+00:00,ENTER,BNBUSDT,long,6.2700000000000005,955.8,945.7785714285714,975.842857142857,full,trend,2.0,,
2025-09-26T17:24:45+00:00,ENTER,BNBUSDT,long,6.2700000000000005,955.8,945.7785714285714,975.842857142857,full,trend,2.0,,
2025-09-26T17:24:51+00:00,ENTER,BNBUSDT,long,6.2700000000000005,955.8,945.7714285714285,975.8571428571428,full,trend,2.0,,
2025-09-26T17:24:58+00:00,ENTER,BNBUSDT,long,6.2700000000000005,955.8,945.7714285714285,975.8571428571428,full,trend,2.0,,
2025-09-26T17:25:04+00:00,ENTER,BNBUSDT,long,6.2700000000000005,955.8,945.75,975.8999999999999,full,trend,2.0,,
2025-09-26T17:25:10+00:00,ENTER,BNBUSDT,long,6.2700000000000005,955.8,945.75,975.8999999999999,full,trend,2.0,,
2025-09-26T17:25:16+00:00,ENTER,BNBUSDT,long,6.2700000000000005,955.8,945.75,975.8999999999999,full,trend,2.0,,
2025-09-26T17:25:22+00:00,ENTER,BNBUSDT,long,6.2700000000000005,955.8,945.7285714285714,975.9428571428571,full,trend,2.0,,
2025-09-26T17:25:29+00:00,ENTER,BNBUSDT,long,6.2700000000000005,955.8,945.7285714285714,975.9428571428571,full,trend,2.0,,
2025-09-26T17:25:36+00:00,ENTER,BNBUSDT,long,6.2700000000000005,955.8,945.7285714285714,975.9428571428571,full,trend,2.0,,
2025-09-26T17:25:42+00:00,ENTER,BNBUSDT,long,6.2700000000000005,955.8,945.7285714285714,975.9428571428571,full,trend,2.0,,
2025-09-26T17:25:48+00:00,ENTER,BNBUSDT,long,6.2700000000000005,955.8,945.7285714285714,975.9428571428571,full,trend,2.0,,
2025-09-26T17:25:55+00:00,ENTER,BNBUSDT,long,6.2700000000000005,955.8,945.7285714285714,975.9428571428571,full,trend,2.0,,
2025-09-26T17:26:01+00:00,ENTER,BNBUSDT,long,6.2700000000000005,955.8,945.7285714285714,975.9428571428571,full,trend,2.0,,
2025-09-26T17:26:07+00:00,ENTER,BNBUSDT,long,6.2700000000000005,955.8,945.7285714285714,975.9428571428571,full,trend,2.0,,
2025-09-26T17:26:13+00:00,ENTER,BNBUSDT,long,6.2700000000000005,955.8,945.7214285714285,975.9571428571428,full,trend,2.0,,
2025-09-26T17:26:20+00:00,ENTER,BNBUSDT,long,6.2700000000000005,955.8,945.7142857142857,975.9714285714285,full,trend,2.0,,
2025-09-26T17:26:26+00:00,ENTER,BNBUSDT,long,6.2700000000000005,955.8,945.6714285714286,976.0571428571428,full,trend,2.0,,
2025-09-26T17:26:32+00:00,ENTER,BNBUSDT,long,6.2700000000000005,955.8,945.6714285714286,976.0571428571428,full,trend,2.0,,
2025-09-26T17:26:39+00:00,ENTER,BNBUSDT,long,6.2700000000000005,955.8,945.6714285714286,976.0571428571428,full,trend,2.0,,
2025-09-26T17:26:45+00:00,ENTER,BNBUSDT,long,6.2700000000000005,955.8,945.6642857142857,976.0714285714284,full,trend,2.0,,
2025-09-26T17:26:51+00:00,ENTER,BNBUSDT,long,6.2700000000000005,955.8,945.6642857142857,976.0714285714284,full,trend,2.0,,
2025-09-26T17:26:57+00:00,ENTER,BNBUSDT,long,6.2700000000000005,955.8,945.6285714285714,976.1428571428571,full,trend,2.0,,
2025-09-26T17:27:03+00:00,ENTER,BNBUSDT,long,6.2700000000000005,955.8,945.6285714285714,976.1428571428571,full,trend,2.0,,
2025-09-26T17:27:10+00:00,ENTER,BNBUSDT,long,6.2700000000000005,955.8,945.6285714285714,976.1428571428571,full,trend,2.0,,
2025-09-26T17:27:16+00:00,ENTER,BNBUSDT,long,6.2700000000000005,955.8,945.6214285714285,976.1571428571427,full,trend,2.0,,
2025-09-26T17:27:22+00:00,ENTER,BNBUSDT,long,6.2700000000000005,955.8,945.6071428571429,976.1857142857142,full,trend,2.0,,
2025-09-26T17:27:28+00:00,ENTER,BNBUSDT,long,6.2700000000000005,955.8,945.6071428571429,976.1857142857142,full,trend,2.0,,
2025-09-26T17:27:34+00:00,ENTER,BNBUSDT,long,6.2700000000000005,955.8,945.6,976.1999999999999,full,trend,2.0,,
2025-09-26T17:27:40+00:00,ENTER,BNBUSDT,long,6.2700000000000005,955.8,945.6,976.1999999999999,full,trend,2.0,,
2025-09-26T17:27:46+00:00,ENTER,BNBUSDT,long,6.2700000000000005,955.8,945.5928571428572,976.2142857142857,full,trend,2.0,,
2025-09-26T17:27:53+00:00,ENTER,BNBUSDT,long,6.2700000000000005,955.8,945.5928571428572,976.2142857142857,full,trend,2.0,,
2025-09-26T17:27:59+00:00,ENTER,BNBUSDT,long,6.2700000000000005,955.8,945.5928571428572,976.2142857142857,full,trend,2.0,,
2025-09-26T17:28:05+00:00,ENTER,BNBUSDT,long,6.2700000000000005,955.8,945.5928571428572,976.2142857142857,full,trend,2.0,,
2025-09-26T17:28:11+00:00,ENTER,BNBUSDT,long,6.2700000000000005,955.8,945.5928571428572,976.2142857142857,full,trend,2.0,,
2025-09-26T17:28:17+00:00,ENTER,BNBUSDT,long,6.2700000000000005,955.8,945.5928571428572,976.2142857142857,full,trend,2.0,,
2025-09-26T17:28:23+00:00,ENTER,BNBUSDT,long,6.2700000000000005,955.8,945.5928571428572,976.2142857142857,full,trend,2.0,,
2025-09-26T17:28:29+00:00,ENTER,BNBUSDT,long,6.2700000000000005,955.8,945.5928571428572,976.2142857142857,full,trend,2.0,,
2025-09-26T17:28:36+00:00,ENTER,BNBUSDT,long,6.2700000000000005,955.8,945.5928571428572,976.2142857142857,full,trend,2.0,,
2025-09-26T17:28:43+00:00,ENTER,BNBUSDT,long,6.2700000000000005,955.8,945.5928571428572,976.2142857142857,full,trend,2.0,,
2025-09-26T17:28:49+00:00,ENTER,BNBUSDT,long,6.2700000000000005,955.8,945.5928571428572,976.2142857142857,full,trend,2.0,,
2025-09-26T17:28:55+00:00,ENTER,BNBUSDT,long,6.2700000000000005,955.8,945.5928571428572,976.2142857142857,full,trend,2.0,,
2025-09-26T17:29:02+00:00,ENTER,BNBUSDT,long,6.2700000000000005,955.8,945.5928571428572,976.2142857142857,full,trend,2.0,,
2025-09-26T17:29:08+00:00,ENTER,BNBUSDT,long,6.2700000000000005,955.8,945.5928571428572,976.2142857142857,full,trend,2.0,,
2025-09-26T17:29:14+00:00,ENTER,BNBUSDT,long,6.2700000000000005,955.8,945.5928571428572,976.2142857142857,full,trend,2.0,,
2025-09-26T17:29:20+00:00,ENTER,BNBUSDT,long,6.2700000000000005,955.8,945.5928571428572,976.2142857142857,full,trend,2.0,,
2025-09-26T17:29:26+00:00,ENTER,BNBUSDT,long,6.2700000000000005,955.8,945.5928571428572,976.2142857142857,full,trend,2.0,,
2025-09-26T17:29:33+00:00,ENTER,BNBUSDT,long,6.2700000000000005,955.8,945.5928571428572,976.2142857142857,full,trend,2.0,,
2025-09-26T17:29:39+00:00,ENTER,BNBUSDT,long,6.2700000000000005,955.8,945.5928571428572,976.2142857142857,full,trend,2.0,,
2025-09-26T17:29:45+00:00,ENTER,BNBUSDT,long,6.2700000000000005,955.8,945.5928571428572,976.2142857142857,full,trend,2.0,,
2025-09-26T17:29:51+00:00,ENTER,BNBUSDT,long,6.2700000000000005,955.8,945.5928571428572,976.2142857142857,full,trend,2.0,,
2025-09-26T17:29:58+00:00,ENTER,BNBUSDT,long,6.2700000000000005,955.8,945.5928571428572,976.2142857142857,full,trend,2.0,,
2025-09-26T17:30:03+00:00,ENTER,ETHUSDT,long,1.49,4023.8,3974.634285714286,4122.131428571429,full,trend,2.0,,
2025-09-26T17:30:03+00:00,ENTER,SOLUSDT,long,29.700000000000003,201.54,198.36499999999998,207.89,full,trend,2.0,,
2025-09-26T17:30:04+00:00,ENTER,BNBUSDT,long,6.25,959.9,949.6928571428572,980.3142857142857,full,trend,2.0,,
2025-09-26T17:30:10+00:00,ENTER,ETHUSDT,long,1.49,4023.8,3974.634285714286,4122.131428571429,full,trend,2.0,,
2025-09-26T17:30:10+00:00,ENTER,SOLUSDT,long,29.700000000000003,201.54,198.36499999999998,207.89,full,trend,2.0,,
2025-09-26T17:30:10+00:00,ENTER,BNBUSDT,long,6.25,959.9,949.6928571428572,980.3142857142857,full,trend,2.0,,
2025-09-26T17:30:16+00:00,ENTER,ETHUSDT,long,1.49,4023.8,3974.634285714286,4122.131428571429,full,trend,2.0,,
2025-09-26T17:30:17+00:00,ENTER,BNBUSDT,long,6.25,959.9,949.6928571428572,980.3142857142857,full,trend,2.0,,
2025-09-26T17:30:23+00:00,ENTER,ETHUSDT,long,1.49,4023.8,3974.634285714286,4122.131428571429,full,trend,2.0,,
2025-09-26T17:30:23+00:00,ENTER,BNBUSDT,long,6.25,959.9,949.6928571428572,980.3142857142857,full,trend,2.0,,
2025-09-26T17:30:29+00:00,ENTER,ETHUSDT,long,1.49,4023.8,3974.634285714286,4122.131428571429,full,trend,2.0,,
2025-09-26T17:30:30+00:00,ENTER,BNBUSDT,long,6.25,959.9,949.6928571428572,980.3142857142857,full,trend,2.0,,
2025-09-26T17:30:35+00:00,ENTER,ETHUSDT,long,1.49,4023.8,3974.634285714286,4122.131428571429,full,trend,2.0,,
2025-09-26T17:30:36+00:00,ENTER,BNBUSDT,long,6.25,959.9,949.6928571428572,980.3142857142857,full,trend,2.0,,
2025-09-26T17:30:42+00:00,ENTER,ETHUSDT,long,1.49,4023.8,3974.634285714286,4122.131428571429,full,trend,2.0,,
2025-09-26T17:30:42+00:00,ENTER,BNBUSDT,long,6.25,959.9,949.6928571428572,980.3142857142857,full,trend,2.0,,
2025-09-26T17:30:48+00:00,ENTER,ETHUSDT,long,1.49,4023.8,3974.634285714286,4122.131428571429,full,trend,2.0,,
2025-09-26T17:30:49+00:00,ENTER,BNBUSDT,long,6.25,959.9,949.6928571428572,980.3142857142857,full,trend,2.0,,
2025-09-26T17:30:55+00:00,ENTER,ETHUSDT,long,1.49,4023.8,3974.634285714286,4122.131428571429,full,trend,2.0,,
2025-09-26T17:30:55+00:00,ENTER,BNBUSDT,long,6.25,959.9,949.6928571428572,980.3142857142857,full,trend,2.0,,
2025-09-26T17:31:01+00:00,ENTER,ETHUSDT,long,1.49,4023.8,3974.634285714286,4122.131428571429,full,trend,2.0,,
2025-09-26T17:31:02+00:00,ENTER,BNBUSDT,long,6.25,959.9,949.6928571428572,980.3142857142857,full,trend,2.0,,
2025-09-26T17:31:08+00:00,ENTER,ETHUSDT,long,1.49,4023.8,3974.634285714286,4122.131428571429,full,trend,2.0,,
2025-09-26T17:31:09+00:00,ENTER,BNBUSDT,long,6.25,959.9,949.6928571428572,980.3142857142857,full,trend,2.0,,
2025-09-26T17:31:15+00:00,ENTER,ETHUSDT,long,1.49,4023.8,3974.634285714286,4122.131428571429,full,trend,2.0,,
2025-09-26T17:31:15+00:00,ENTER,BNBUSDT,long,6.25,959.9,949.6928571428572,980.3142857142857,full,trend,2.0,,
2025-09-26T17:31:21+00:00,ENTER,ETHUSDT,long,1.49,4023.8,3974.634285714286,4122.131428571429,full,trend,2.0,,
2025-09-26T17:31:22+00:00,ENTER,BNBUSDT,long,6.25,959.9,949.6928571428572,980.3142857142857,full,trend,2.0,,
2025-09-26T17:31:27+00:00,ENTER,ETHUSDT,long,1.49,4023.8,3974.634285714286,4122.131428571429,full,trend,2.0,,
2025-09-26T17:31:28+00:00,ENTER,BNBUSDT,long,6.25,959.9,949.6928571428572,980.3142857142857,full,trend,2.0,,
2025-09-26T17:31:35+00:00,ENTER,BNBUSDT,long,6.25,959.9,949.6928571428572,980.3142857142857,full,trend,2.0,,
2025-09-26T17:31:41+00:00,ENTER,ETHUSDT,long,1.49,4023.8,3974.634285714286,4122.131428571429,full,trend,2.0,,
2025-09-26T17:31:42+00:00,ENTER,BNBUSDT,long,6.25,959.9,949.6928571428572,980.3142857142857,full,trend,2.0,,
2025-09-26T17:31:48+00:00,ENTER,BNBUSDT,long,6.25,959.9,949.6928571428572,980.3142857142857,full,trend,2.0,,
2025-09-26T17:31:54+00:00,ENTER,ETHUSDT,long,1.49,4023.8,3974.634285714286,4122.131428571429,full,trend,2.0,,
2025-09-26T17:31:54+00:00,ENTER,BNBUSDT,long,6.25,959.9,949.6928571428572,980.3142857142857,full,trend,2.0,,
2025-09-26T17:32:00+00:00,ENTER,ETHUSDT,long,1.49,4023.8,3974.634285714286,4122.131428571429,full,trend,2.0,,
2025-09-26T17:32:01+00:00,ENTER,BNBUSDT,long,6.25,959.9,949.6928571428572,980.3142857142857,full,trend,2.0,,
2025-09-26T17:32:07+00:00,ENTER,BNBUSDT,long,6.25,959.9,949.6928571428572,980.3142857142857,full,trend,2.0,,
2025-09-26T17:32:14+00:00,ENTER,BNBUSDT,long,6.25,959.9,949.6928571428572,980.3142857142857,full,trend,2.0,,
2025-09-26T17:32:20+00:00,ENTER,BNBUSDT,long,6.25,959.9,949.6928571428572,980.3142857142857,full,trend,2.0,,
2025-09-26T17:32:27+00:00,ENTER,BNBUSDT,long,6.25,959.9,949.6928571428572,980.3142857142857,full,trend,2.0,,
2025-09-26T17:32:33+00:00,ENTER,BNBUSDT,long,6.25,959.9,949.6928571428572,980.3142857142857,full,trend,2.0,,
2025-09-26T17:32:40+00:00,ENTER,BNBUSDT,long,6.25,959.9,949.6928571428572,980.3142857142857,full,trend,2.0,,
2025-09-26T17:32:46+00:00,ENTER,BNBUSDT,long,6.25,959.9,949.6928571428572,980.3142857142857,full,trend,2.0,,
2025-09-26T17:32:52+00:00,ENTER,BNBUSDT,long,6.25,959.9,949.6928571428572,980.3142857142857,full,trend,2.0,,
2025-09-26T17:32:59+00:00,ENTER,BNBUSDT,long,6.25,959.9,949.6928571428572,980.3142857142857,full,trend,2.0,,
2025-09-26T17:33:05+00:00,ENTER,BNBUSDT,long,6.25,959.9,949.6928571428572,980.3142857142857,full,trend,2.0,,
2025-09-26T17:33:11+00:00,ENTER,BNBUSDT,long,6.25,959.9,949.6928571428572,980.3142857142857,full,trend,2.0,,
2025-09-26T17:33:18+00:00,ENTER,BNBUSDT,long,6.25,959.9,949.6928571428572,980.3142857142857,full,trend,2.0,,
2025-09-26T17:33:23+00:00,ENTER,ETHUSDT,long,1.49,4023.8,3974.634285714286,4122.131428571429,full,trend,2.0,,
2025-09-26T17:33:24+00:00,ENTER,BNBUSDT,long,6.25,959.9,949.6928571428572,980.3142857142857,full,trend,2.0,,
2025-09-26T17:33:30+00:00,ENTER,ETHUSDT,long,1.49,4023.8,3974.634285714286,4122.131428571429,full,trend,2.0,,
2025-09-26T17:33:30+00:00,ENTER,BNBUSDT,long,6.25,959.9,949.6928571428572,980.3142857142857,full,trend,2.0,,
2025-09-26T17:33:36+00:00,ENTER,ETHUSDT,long,1.49,4023.8,3974.634285714286,4122.131428571429,full,trend,2.0,,
2025-09-26T17:33:37+00:00,ENTER,BNBUSDT,long,6.25,959.9,949.6928571428572,980.3142857142857,full,trend,2.0,,
2025-09-26T17:33:43+00:00,ENTER,ETHUSDT,long,1.49,4023.8,3974.634285714286,4122.131428571429,full,trend,2.0,,
2025-09-26T17:33:43+00:00,ENTER,BNBUSDT,long,6.25,959.9,949.6928571428572,980.3142857142857,full,trend,2.0,,
2025-09-26T17:33:49+00:00,ENTER,ETHUSDT,long,1.49,4023.8,3974.634285714286,4122.131428571429,full,trend,2.0,,
2025-09-26T17:33:50+00:00,ENTER,BNBUSDT,long,6.25,959.9,949.6928571428572,980.3142857142857,full,trend,2.0,,
2025-09-26T17:33:55+00:00,ENTER,ETHUSDT,long,1.49,4023.8,3974.634285714286,4122.131428571429,full,trend,2.0,,
2025-09-26T17:33:56+00:00,ENTER,BNBUSDT,long,6.25,959.9,949.6928571428572,980.3142857142857,full,trend,2.0,,
2025-09-26T17:34:02+00:00,ENTER,ETHUSDT,long,1.49,4023.8,3974.634285714286,4122.131428571429,full,trend,2.0,,
2025-09-26T17:34:02+00:00,ENTER,BNBUSDT,long,6.25,959.9,949.6928571428572,980.3142857142857,full,trend,2.0,,
2025-09-26T17:34:08+00:00,ENTER,ETHUSDT,long,1.49,4023.8,3974.634285714286,4122.131428571429,full,trend,2.0,,
2025-09-26T17:34:09+00:00,ENTER,BNBUSDT,long,6.25,959.9,949.6928571428572,980.3142857142857,full,trend,2.0,,
2025-09-26T17:34:15+00:00,ENTER,ETHUSDT,long,1.49,4023.8,3974.634285714286,4122.131428571429,full,trend,2.0,,
2025-09-26T17:34:16+00:00,ENTER,BNBUSDT,long,6.25,959.9,949.6928571428572,980.3142857142857,full,trend,2.0,,
2025-09-26T17:34:22+00:00,ENTER,ETHUSDT,long,1.49,4023.8,3974.634285714286,4122.131428571429,full,trend,2.0,,
2025-09-26T17:34:23+00:00,ENTER,BNBUSDT,long,6.25,959.9,949.6928571428572,980.3142857142857,full,trend,2.0,,
2025-09-26T17:34:29+00:00,ENTER,ETHUSDT,long,1.49,4023.8,3974.634285714286,4122.131428571429,full,trend,2.0,,
2025-09-26T17:34:29+00:00,ENTER,BNBUSDT,long,6.25,959.9,949.6928571428572,980.3142857142857,full,trend,2.0,,
2025-09-26T17:34:35+00:00,ENTER,ETHUSDT,long,1.49,4023.8,3974.634285714286,4122.131428571429,full,trend,2.0,,
2025-09-26T17:34:36+00:00,ENTER,BNBUSDT,long,6.25,959.9,949.6928571428572,980.3142857142857,full,trend,2.0,,
2025-09-26T17:34:41+00:00,ENTER,ETHUSDT,long,1.49,4023.8,3974.634285714286,4122.131428571429,full,trend,2.0,,
2025-09-26T17:34:42+00:00,ENTER,BNBUSDT,long,6.25,959.9,949.6928571428572,980.3142857142857,full,trend,2.0,,
2025-09-26T17:34:48+00:00,ENTER,ETHUSDT,long,1.49,4023.8,3974.634285714286,4122.131428571429,full,trend,2.0,,
2025-09-26T17:34:49+00:00,ENTER,BNBUSDT,long,6.25,959.9,949.6928571428572,980.3142857142857,full,trend,2.0,,
2025-09-26T17:34:55+00:00,ENTER,ETHUSDT,long,1.49,4023.8,3974.634285714286,4122.131428571429,full,trend,2.0,,
2025-09-26T17:34:55+00:00,ENTER,BNBUSDT,long,6.25,959.9,949.6928571428572,980.3142857142857,full,trend,2.0,,
2025-09-26T17:35:01+00:00,ENTER,ETHUSDT,long,1.49,4023.8,3974.634285714286,4122.131428571429,full,trend,2.0,,
2025-09-26T17:35:02+00:00,ENTER,BNBUSDT,long,6.25,959.9,949.6928571428572,980.3142857142857,full,trend,2.0,,
2025-09-26T17:35:07+00:00,ENTER,ETHUSDT,long,1.49,4023.8,3974.634285714286,4122.131428571429,full,trend,2.0,,
2025-09-26T17:35:08+00:00,ENTER,BNBUSDT,long,6.25,959.9,949.6928571428572,980.3142857142857,full,trend,2.0,,
2025-09-26T17:35:14+00:00,ENTER,ETHUSDT,long,1.49,4023.8,3974.634285714286,4122.131428571429,full,trend,2.0,,
2025-09-26T17:35:14+00:00,ENTER,BNBUSDT,long,6.25,959.9,949.6928571428572,980.3142857142857,full,trend,2.0,,
2025-09-26T17:35:20+00:00,ENTER,ETHUSDT,long,1.49,4023.8,3974.634285714286,4122.131428571429,full,trend,2.0,,
2025-09-26T17:35:21+00:00,ENTER,BNBUSDT,long,6.25,959.9,949.6928571428572,980.3142857142857,full,trend,2.0,,
2025-09-26T17:35:27+00:00,ENTER,ETHUSDT,long,1.49,4023.8,3974.634285714286,4122.131428571429,full,trend,2.0,,
2025-09-26T17:35:28+00:00,ENTER,BNBUSDT,long,6.25,959.9,949.6928571428572,980.3142857142857,full,trend,2.0,,
2025-09-26T17:35:33+00:00,ENTER,ETHUSDT,long,1.49,4023.8,3974.634285714286,4122.131428571429,full,trend,2.0,,
2025-09-26T17:35:34+00:00,ENTER,BNBUSDT,long,6.25,959.9,949.6928571428572,980.3142857142857,full,trend,2.0,,
2025-09-26T17:35:40+00:00,ENTER,ETHUSDT,long,1.49,4023.8,3974.634285714286,4122.131428571429,full,trend,2.0,,
2025-09-26T17:35:40+00:00,ENTER,BNBUSDT,long,6.25,959.9,949.6928571428572,980.3142857142857,full,trend,2.0,,
2025-09-26T17:35:46+00:00,ENTER,ETHUSDT,long,1.49,4023.8,3974.634285714286,4122.131428571429,full,trend,2.0,,
2025-09-26T17:35:47+00:00,ENTER,BNBUSDT,long,6.25,959.9,949.6928571428572,980.3142857142857,full,trend,2.0,,
2025-09-26T17:35:53+00:00,ENTER,ETHUSDT,long,1.49,4023.8,3974.634285714286,4122.131428571429,full,trend,2.0,,
2025-09-26T17:35:53+00:00,ENTER,BNBUSDT,long,6.25,959.9,949.6928571428572,980.3142857142857,full,trend,2.0,,
2025-09-26T17:35:59+00:00,ENTER,ETHUSDT,long,1.49,4023.8,3974.634285714286,4122.131428571429,full,trend,2.0,,
2025-09-26T17:36:00+00:00,ENTER,BNBUSDT,long,6.25,959.9,949.6928571428572,980.3142857142857,full,trend,2.0,,
2025-09-26T17:36:05+00:00,ENTER,ETHUSDT,long,1.49,4023.8,3974.634285714286,4122.131428571429,full,trend,2.0,,
2025-09-26T17:36:06+00:00,ENTER,BNBUSDT,long,6.25,959.9,949.6928571428572,980.3142857142857,full,trend,2.0,,
2025-09-26T17:36:12+00:00,ENTER,ETHUSDT,long,1.49,4023.8,3974.616428571429,4122.167142857143,full,trend,2.0,,
2025-09-26T17:36:13+00:00,ENTER,BNBUSDT,long,6.25,959.9,949.6928571428572,980.3142857142857,full,trend,2.0,,
2025-09-26T17:36:18+00:00,ENTER,ETHUSDT,long,1.49,4023.8,3974.616428571429,4122.167142857143,full,trend,2.0,,
2025-09-26T17:36:19+00:00,ENTER,BNBUSDT,long,6.25,959.9,949.6928571428572,980.3142857142857,full,trend,2.0,,
2025-09-26T17:36:25+00:00,ENTER,ETHUSDT,long,1.49,4023.8,3974.616428571429,4122.167142857143,full,trend,2.0,,
2025-09-26T17:36:26+00:00,ENTER,BNBUSDT,long,6.25,959.9,949.6928571428572,980.3142857142857,full,trend,2.0,,
2025-09-26T17:36:31+00:00,ENTER,ETHUSDT,long,1.49,4023.8,3974.509285714286,4122.381428571429,full,trend,2.0,,
2025-09-26T17:36:32+00:00,ENTER,BNBUSDT,long,6.25,959.9,949.6928571428572,980.3142857142857,full,trend,2.0,,
2025-09-26T17:36:38+00:00,ENTER,ETHUSDT,long,1.49,4023.8,3974.509285714286,4122.381428571429,full,trend,2.0,,
2025-09-26T17:36:38+00:00,ENTER,BNBUSDT,long,6.25,959.9,949.6928571428572,980.3142857142857,full,trend,2.0,,
2025-09-26T17:36:44+00:00,ENTER,ETHUSDT,long,1.49,4023.8,3974.509285714286,4122.381428571429,full,trend,2.0,,
2025-09-26T17:36:45+00:00,ENTER,BNBUSDT,long,6.25,959.9,949.6928571428572,980.3142857142857,full,trend,2.0,,
2025-09-26T17:36:50+00:00,ENTER,ETHUSDT,long,1.49,4023.8,3974.509285714286,4122.381428571429,full,trend,2.0,,
2025-09-26T17:36:51+00:00,ENTER,BNBUSDT,long,6.25,959.9,949.6928571428572,980.3142857142857,full,trend,2.0,,
2025-09-26T17:36:57+00:00,ENTER,ETHUSDT,long,1.49,4023.8,3974.509285714286,4122.381428571429,full,trend,2.0,,
2025-09-26T17:36:57+00:00,ENTER,BNBUSDT,long,6.25,959.9,949.6928571428572,980.3142857142857,full,trend,2.0,,
2025-09-26T17:37:03+00:00,ENTER,ETHUSDT,long,1.49,4023.8,3974.509285714286,4122.381428571429,full,trend,2.0,,
2025-09-26T17:37:04+00:00,ENTER,BNBUSDT,long,6.25,959.9,949.6928571428572,980.3142857142857,full,trend,2.0,,
2025-09-26T17:37:10+00:00,ENTER,ETHUSDT,long,1.49,4023.8,3974.509285714286,4122.381428571429,full,trend,2.0,,
2025-09-26T17:37:10+00:00,ENTER,BNBUSDT,long,6.25,959.9,949.6928571428572,980.3142857142857,full,trend,2.0,,
2025-09-26T17:37:16+00:00,ENTER,ETHUSDT,long,1.49,4023.8,3974.509285714286,4122.381428571429,full,trend,2.0,,
2025-09-26T17:37:17+00:00,ENTER,BNBUSDT,long,6.25,959.9,949.6928571428572,980.3142857142857,full,trend,2.0,,
2025-09-26T17:37:23+00:00,ENTER,ETHUSDT,long,1.49,4023.8,3974.509285714286,4122.381428571429,full,trend,2.0,,
2025-09-26T17:37:23+00:00,ENTER,BNBUSDT,long,6.25,959.9,949.6928571428572,980.3142857142857,full,trend,2.0,,
2025-09-26T17:37:29+00:00,ENTER,ETHUSDT,long,1.49,4023.8,3974.509285714286,4122.381428571429,full,trend,2.0,,
2025-09-26T17:37:30+00:00,ENTER,BNBUSDT,long,6.25,959.9,949.6928571428572,980.3142857142857,full,trend,2.0,,
2025-09-26T17:37:36+00:00,ENTER,ETHUSDT,long,1.49,4023.8,3974.509285714286,4122.381428571429,full,trend,2.0,,
2025-09-26T17:37:36+00:00,ENTER,BNBUSDT,long,6.25,959.9,949.6928571428572,980.3142857142857,full,trend,2.0,,
2025-09-26T17:37:42+00:00,ENTER,ETHUSDT,long,1.49,4023.8,3974.509285714286,4122.381428571429,full,trend,2.0,,
2025-09-26T17:37:43+00:00,ENTER,BNBUSDT,long,6.25,959.9,949.6928571428572,980.3142857142857,full,trend,2.0,,
2025-09-26T17:37:48+00:00,ENTER,ETHUSDT,long,1.49,4023.8,3974.509285714286,4122.381428571429,full,trend,2.0,,
2025-09-26T17:37:49+00:00,ENTER,BNBUSDT,long,6.25,959.9,949.6928571428572,980.3142857142857,full,trend,2.0,,
2025-09-26T17:37:55+00:00,ENTER,ETHUSDT,long,1.49,4023.8,3974.509285714286,4122.381428571429,full,trend,2.0,,
2025-09-26T17:37:55+00:00,ENTER,BNBUSDT,long,6.25,959.9,949.6928571428572,980.3142857142857,full,trend,2.0,,
2025-09-26T17:38:01+00:00,ENTER,ETHUSDT,long,1.49,4023.8,3974.509285714286,4122.381428571429,full,trend,2.0,,
2025-09-26T17:38:02+00:00,ENTER,BNBUSDT,long,6.25,959.9,949.6928571428572,980.3142857142857,full,trend,2.0,,
2025-09-26T17:38:07+00:00,ENTER,ETHUSDT,long,1.49,4023.8,3974.509285714286,4122.381428571429,full,trend,2.0,,
2025-09-26T17:38:08+00:00,ENTER,BNBUSDT,long,6.25,959.9,949.6928571428572,980.3142857142857,full,trend,2.0,,
2025-09-26T17:38:14+00:00,ENTER,ETHUSDT,long,1.49,4023.8,3974.509285714286,4122.381428571429,full,trend,2.0,,
2025-09-26T17:38:15+00:00,ENTER,BNBUSDT,long,6.25,959.9,949.6928571428572,980.3142857142857,full,trend,2.0,,
2025-09-26T17:38:21+00:00,ENTER,ETHUSDT,long,1.49,4023.8,3974.509285714286,4122.381428571429,full,trend,2.0,,
2025-09-26T17:38:22+00:00,ENTER,BNBUSDT,long,6.25,959.9,949.6928571428572,980.3142857142857,full,trend,2.0,,
2025-09-26T17:38:28+00:00,ENTER,ETHUSDT,long,1.49,4023.8,3974.509285714286,4122.381428571429,full,trend,2.0,,
2025-09-26T17:38:28+00:00,ENTER,BNBUSDT,long,6.25,959.9,949.6928571428572,980.3142857142857,full,trend,2.0,,
2025-09-26T17:38:34+00:00,ENTER,ETHUSDT,long,1.49,4023.8,3974.509285714286,4122.381428571429,full,trend,2.0,,
2025-09-26T17:38:35+00:00,ENTER,BNBUSDT,long,6.25,959.9,949.6928571428572,980.3142857142857,full,trend,2.0,,
2025-09-26T17:38:41+00:00,ENTER,ETHUSDT,long,1.49,4023.8,3974.509285714286,4122.381428571429,full,trend,2.0,,
2025-09-26T17:38:41+00:00,ENTER,BNBUSDT,long,6.25,959.9,949.6928571428572,980.3142857142857,full,trend,2.0,,
2025-09-26T17:38:47+00:00,ENTER,ETHUSDT,long,1.49,4023.8,3974.509285714286,4122.381428571429,full,trend,2.0,,
2025-09-26T17:38:48+00:00,ENTER,BNBUSDT,long,6.25,959.9,949.6928571428572,980.3142857142857,full,trend,2.0,,
2025-09-26T17:38:53+00:00,ENTER,ETHUSDT,long,1.49,4023.8,3974.509285714286,4122.381428571429,full,trend,2.0,,
2025-09-26T17:38:54+00:00,ENTER,BNBUSDT,long,6.25,959.9,949.6928571428572,980.3142857142857,full,trend,2.0,,
2025-09-26T17:39:00+00:00,ENTER,ETHUSDT,long,1.49,4023.8,3974.509285714286,4122.381428571429,full,trend,2.0,,
2025-09-26T17:39:00+00:00,ENTER,BNBUSDT,long,6.25,959.9,949.6928571428572,980.3142857142857,full,trend,2.0,,
2025-09-26T17:39:06+00:00,ENTER,ETHUSDT,long,1.49,4023.8,3974.509285714286,4122.381428571429,full,trend,2.0,,
2025-09-26T17:39:07+00:00,ENTER,BNBUSDT,long,6.25,959.9,949.6928571428572,980.3142857142857,full,trend,2.0,,
2025-09-26T17:39:13+00:00,ENTER,ETHUSDT,long,1.49,4023.8,3974.509285714286,4122.381428571429,full,trend,2.0,,
2025-09-26T17:39:13+00:00,ENTER,BNBUSDT,long,6.25,959.9,949.6928571428572,980.3142857142857,full,trend,2.0,,
2025-09-26T17:39:20+00:00,ENTER,ETHUSDT,long,1.49,4023.8,3974.509285714286,4122.381428571429,full,trend,2.0,,
2025-09-26T17:39:21+00:00,ENTER,BNBUSDT,long,6.25,959.9,949.6928571428572,980.3142857142857,full,trend,2.0,,
2025-09-26T17:39:27+00:00,ENTER,ETHUSDT,long,1.49,4023.8,3974.509285714286,4122.381428571429,full,trend,2.0,,
2025-09-26T17:39:28+00:00,ENTER,BNBUSDT,long,6.25,959.9,949.6928571428572,980.3142857142857,full,trend,2.0,,
2025-09-26T17:39:33+00:00,ENTER,ETHUSDT,long,1.49,4023.8,3974.509285714286,4122.381428571429,full,trend,2.0,,
2025-09-26T17:39:34+00:00,ENTER,BNBUSDT,long,6.25,959.9,949.6928571428572,980.3142857142857,full,trend,2.0,,
2025-09-26T17:39:40+00:00,ENTER,ETHUSDT,long,1.49,4023.8,3974.509285714286,4122.381428571429,full,trend,2.0,,
2025-09-26T17:39:54+00:00,ENTER,ETHUSDT,long,1.49,4023.8,3974.509285714286,4122.381428571429,full,trend,2.0,,
2025-09-26T17:39:55+00:00,ENTER,BNBUSDT,long,6.25,959.9,949.6928571428572,980.3142857142857,full,trend,2.0,,
2025-09-26T17:40:00+00:00,ENTER,ETHUSDT,long,1.49,4023.8,3974.509285714286,4122.381428571429,full,trend,2.0,,
2025-09-26T17:40:01+00:00,ENTER,BNBUSDT,long,6.25,959.9,949.6928571428572,980.3142857142857,full,trend,2.0,,
2025-09-26T17:40:07+00:00,ENTER,ETHUSDT,long,1.49,4023.8,3974.509285714286,4122.381428571429,full,trend,2.0,,
2025-09-26T17:40:08+00:00,ENTER,BNBUSDT,long,6.25,959.9,949.6928571428572,980.3142857142857,full,trend,2.0,,
2025-09-26T17:40:13+00:00,ENTER,ETHUSDT,long,1.49,4023.8,3974.509285714286,4122.381428571429,full,trend,2.0,,
2025-09-26T17:40:14+00:00,ENTER,BNBUSDT,long,6.25,959.9,949.6928571428572,980.3142857142857,full,trend,2.0,,
2025-09-26T17:40:20+00:00,ENTER,ETHUSDT,long,1.49,4023.8,3974.509285714286,4122.381428571429,full,trend,2.0,,
2025-09-26T17:40:21+00:00,ENTER,BNBUSDT,long,6.25,959.9,949.6928571428572,980.3142857142857,full,trend,2.0,,
2025-09-26T17:40:26+00:00,ENTER,ETHUSDT,long,1.49,4023.8,3974.509285714286,4122.381428571429,full,trend,2.0,,
2025-09-26T17:40:27+00:00,ENTER,BNBUSDT,long,6.25,959.9,949.6928571428572,980.3142857142857,full,trend,2.0,,
2025-09-26T17:40:33+00:00,ENTER,ETHUSDT,long,1.49,4023.8,3974.362857142857,4122.674285714286,full,trend,2.0,,
2025-09-26T17:40:33+00:00,ENTER,BNBUSDT,long,6.25,959.9,949.6928571428572,980.3142857142857,full,trend,2.0,,
2025-09-26T17:40:39+00:00,ENTER,ETHUSDT,long,1.49,4023.8,3974.362857142857,4122.674285714286,full,trend,2.0,,
2025-09-26T17:40:40+00:00,ENTER,BNBUSDT,long,6.25,959.9,949.6928571428572,980.3142857142857,full,trend,2.0,,
2025-09-26T17:40:46+00:00,ENTER,ETHUSDT,long,1.49,4023.8,3974.362857142857,4122.674285714286,full,trend,2.0,,
2025-09-26T17:40:46+00:00,ENTER,BNBUSDT,long,6.25,959.9,949.6928571428572,980.3142857142857,full,trend,2.0,,
2025-09-26T17:40:52+00:00,ENTER,ETHUSDT,long,1.49,4023.8,3974.355,4122.6900000000005,full,trend,2.0,,
2025-09-26T17:40:53+00:00,ENTER,BNBUSDT,long,6.25,959.9,949.6928571428572,980.3142857142857,full,trend,2.0,,
2025-09-26T17:40:59+00:00,ENTER,ETHUSDT,long,1.49,4023.8,3974.332142857143,4122.7357142857145,full,trend,2.0,,
2025-09-26T17:40:59+00:00,ENTER,BNBUSDT,long,6.25,959.9,949.6928571428572,980.3142857142857,full,trend,2.0,,
2025-09-26T17:41:05+00:00,ENTER,ETHUSDT,long,1.49,4023.8,3974.332142857143,4122.7357142857145,full,trend,2.0,,
2025-09-26T17:41:06+00:00,ENTER,BNBUSDT,long,6.25,959.9,949.6928571428572,980.3142857142857,full,trend,2.0,,
2025-09-26T17:41:11+00:00,ENTER,ETHUSDT,long,1.49,4023.8,3974.332142857143,4122.7357142857145,full,trend,2.0,,
2025-09-26T17:41:12+00:00,ENTER,BNBUSDT,long,6.25,959.9,949.6928571428572,980.3142857142857,full,trend,2.0,,
2025-09-26T17:41:18+00:00,ENTER,ETHUSDT,long,1.49,4023.8,3974.332142857143,4122.7357142857145,full,trend,2.0,,
2025-09-26T17:41:18+00:00,ENTER,BNBUSDT,long,6.25,959.9,949.6928571428572,980.3142857142857,full,trend,2.0,,
2025-09-26T17:41:24+00:00,ENTER,ETHUSDT,long,1.49,4023.8,3974.332142857143,4122.7357142857145,full,trend,2.0,,
2025-09-26T17:41:25+00:00,ENTER,BNBUSDT,long,6.25,959.9,949.6928571428572,980.3142857142857,full,trend,2.0,,
2025-09-26T17:41:30+00:00,ENTER,ETHUSDT,long,1.49,4023.8,3974.332142857143,4122.7357142857145,full,trend,2.0,,
2025-09-26T17:41:31+00:00,ENTER,BNBUSDT,long,6.25,959.9,949.6928571428572,980.3142857142857,full,trend,2.0,,
2025-09-26T17:41:37+00:00,ENTER,ETHUSDT,long,1.49,4023.8,3974.332142857143,4122.7357142857145,full,trend,2.0,,
2025-09-26T17:41:38+00:00,ENTER,BNBUSDT,long,6.25,959.9,949.6928571428572,980.3142857142857,full,trend,2.0,,
2025-09-26T17:41:43+00:00,ENTER,ETHUSDT,long,1.49,4023.8,3974.332142857143,4122.7357142857145,full,trend,2.0,,
2025-09-26T17:41:44+00:00,ENTER,BNBUSDT,long,6.25,959.9,949.6928571428572,980.3142857142857,full,trend,2.0,,
2025-09-26T17:41:49+00:00,ENTER,ETHUSDT,long,1.49,4023.8,3974.332142857143,4122.7357142857145,full,trend,2.0,,
2025-09-26T17:41:50+00:00,ENTER,BNBUSDT,long,6.25,959.9,949.6928571428572,980.3142857142857,full,trend,2.0,,
2025-09-26T17:42:03+00:00,ENTER,ETHUSDT,long,1.49,4023.8,3974.332142857143,4122.7357142857145,full,trend,2.0,,
2025-09-26T17:42:04+00:00,ENTER,BNBUSDT,long,6.25,959.9,949.6928571428572,980.3142857142857,full,trend,2.0,,
2025-09-26T17:42:10+00:00,ENTER,ETHUSDT,long,1.49,4023.8,3974.332142857143,4122.7357142857145,full,trend,2.0,,
2025-09-26T17:42:13+00:00,ENTER,ETHUSDT,long,1.49,4023.8,3974.332142857143,4122.7357142857145,full,trend,2.0,,
2025-09-26T17:42:15+00:00,ENTER,ETHUSDT,long,1.49,4023.8,3974.332142857143,4122.7357142857145,full,trend,2.0,,
2025-09-26T17:42:18+00:00,ENTER,ETHUSDT,long,1.49,4023.8,3974.332142857143,4122.7357142857145,full,trend,2.0,,
2025-09-26T17:42:21+00:00,ENTER,ETHUSDT,long,1.49,4023.8,3974.332142857143,4122.7357142857145,full,trend,2.0,,
2025-09-26T17:42:24+00:00,ENTER,ETHUSDT,long,1.49,4023.8,3974.332142857143,4122.7357142857145,full,trend,2.0,,
2025-09-26T17:42:26+00:00,ENTER,ETHUSDT,long,1.49,4023.8,3974.332142857143,4122.7357142857145,full,trend,2.0,,
2025-09-26T17:42:27+00:00,ENTER,BNBUSDT,long,6.25,959.9,949.6928571428572,980.3142857142857,full,trend,2.0,,
2025-09-26T17:42:33+00:00,ENTER,ETHUSDT,long,1.49,4023.8,3974.332142857143,4122.7357142857145,full,trend,2.0,,
2025-09-26T17:42:33+00:00,ENTER,BNBUSDT,long,6.25,959.9,949.6928571428572,980.3142857142857,full,trend,2.0,,
2025-09-26T17:42:39+00:00,ENTER,ETHUSDT,long,1.49,4023.8,3974.332142857143,4122.7357142857145,full,trend,2.0,,
2025-09-26T17:42:39+00:00,ENTER,BNBUSDT,long,6.25,959.9,949.6928571428572,980.3142857142857,full,trend,2.0,,
2025-09-26T17:42:45+00:00,ENTER,ETHUSDT,long,1.49,4023.8,3974.332142857143,4122.7357142857145,full,trend,2.0,,
2025-09-26T17:42:46+00:00,ENTER,BNBUSDT,long,6.25,959.9,949.6928571428572,980.3142857142857,full,trend,2.0,,
2025-09-26T17:42:52+00:00,ENTER,ETHUSDT,long,1.49,4023.8,3974.332142857143,4122.7357142857145,full,trend,2.0,,
2025-09-26T17:42:53+00:00,ENTER,BNBUSDT,long,6.25,959.9,949.6928571428572,980.3142857142857,full,trend,2.0,,
2025-09-26T17:42:58+00:00,ENTER,ETHUSDT,long,1.49,4023.8,3974.332142857143,4122.7357142857145,full,trend,2.0,,
2025-09-26T17:42:59+00:00,ENTER,BNBUSDT,long,6.25,959.9,949.6928571428572,980.3142857142857,full,trend,2.0,,
2025-09-26T17:43:05+00:00,ENTER,ETHUSDT,long,1.49,4023.8,3974.332142857143,4122.7357142857145,full,trend,2.0,,
2025-09-26T17:43:05+00:00,ENTER,BNBUSDT,long,6.25,959.9,949.6928571428572,980.3142857142857,full,trend,2.0,,
2025-09-26T17:43:11+00:00,ENTER,ETHUSDT,long,1.49,4023.8,3974.332142857143,4122.7357142857145,full,trend,2.0,,
2025-09-26T17:43:12+00:00,ENTER,BNBUSDT,long,6.25,959.9,949.6928571428572,980.3142857142857,full,trend,2.0,,
2025-09-26T17:43:17+00:00,ENTER,ETHUSDT,long,1.49,4023.8,3974.332142857143,4122.7357142857145,full,trend,2.0,,
2025-09-26T17:43:18+00:00,ENTER,BNBUSDT,long,6.25,959.9,949.6928571428572,980.3142857142857,full,trend,2.0,,
2025-09-26T17:43:23+00:00,ENTER,ETHUSDT,long,1.49,4023.8,3974.332142857143,4122.7357142857145,full,trend,2.0,,
2025-09-26T17:43:24+00:00,ENTER,BNBUSDT,long,6.25,959.9,949.6928571428572,980.3142857142857,full,trend,2.0,,
2025-09-26T17:43:30+00:00,ENTER,ETHUSDT,long,1.49,4023.8,3974.332142857143,4122.7357142857145,full,trend,2.0,,
2025-09-26T17:43:30+00:00,ENTER,BNBUSDT,long,6.25,959.9,949.6928571428572,980.3142857142857,full,trend,2.0,,
2025-09-26T17:43:36+00:00,ENTER,ETHUSDT,long,1.49,4023.8,3974.332142857143,4122.7357142857145,full,trend,2.0,,
2025-09-26T17:43:37+00:00,ENTER,BNBUSDT,long,6.25,959.9,949.6928571428572,980.3142857142857,full,trend,2.0,,
2025-09-26T17:43:43+00:00,ENTER,ETHUSDT,long,1.49,4023.8,3974.332142857143,4122.7357142857145,full,trend,2.0,,
2025-09-26T17:43:43+00:00,ENTER,BNBUSDT,long,6.25,959.9,949.6928571428572,980.3142857142857,full,trend,2.0,,
2025-09-26T17:43:49+00:00,ENTER,ETHUSDT,long,1.49,4023.8,3974.332142857143,4122.7357142857145,full,trend,2.0,,
2025-09-26T17:43:50+00:00,ENTER,BNBUSDT,long,6.25,959.9,949.6928571428572,980.3142857142857,full,trend,2.0,,
2025-09-26T17:43:55+00:00,ENTER,ETHUSDT,long,1.49,4023.8,3974.332142857143,4122.7357142857145,full,trend,2.0,,
2025-09-26T17:43:56+00:00,ENTER,BNBUSDT,long,6.25,959.9,949.6928571428572,980.3142857142857,full,trend,2.0,,
2025-09-26T17:44:02+00:00,ENTER,ETHUSDT,long,1.49,4023.8,3974.332142857143,4122.7357142857145,full,trend,2.0,,
2025-09-26T17:44:02+00:00,ENTER,BNBUSDT,long,6.25,959.9,949.6928571428572,980.3142857142857,full,trend,2.0,,
2025-09-26T17:44:08+00:00,ENTER,ETHUSDT,long,1.49,4023.8,3974.332142857143,4122.7357142857145,full,trend,2.0,,
2025-09-26T17:44:09+00:00,ENTER,BNBUSDT,long,6.25,959.9,949.6928571428572,980.3142857142857,full,trend,2.0,,
2025-09-26T17:44:14+00:00,ENTER,ETHUSDT,long,1.49,4023.8,3974.332142857143,4122.7357142857145,full,trend,2.0,,
2025-09-26T17:44:15+00:00,ENTER,BNBUSDT,long,6.25,959.9,949.6928571428572,980.3142857142857,full,trend,2.0,,
2025-09-26T17:44:21+00:00,ENTER,ETHUSDT,long,1.49,4023.8,3974.332142857143,4122.7357142857145,full,trend,2.0,,
2025-09-26T17:44:22+00:00,ENTER,BNBUSDT,long,6.25,959.9,949.6928571428572,980.3142857142857,full,trend,2.0,,
2025-09-26T17:44:27+00:00,ENTER,ETHUSDT,long,1.49,4023.8,3974.332142857143,4122.7357142857145,full,trend,2.0,,
2025-09-26T17:44:28+00:00,ENTER,BNBUSDT,long,6.25,959.9,949.6928571428572,980.3142857142857,full,trend,2.0,,
2025-09-26T17:44:34+00:00,ENTER,ETHUSDT,long,1.49,4023.8,3974.332142857143,4122.7357142857145,full,trend,2.0,,
2025-09-26T17:44:35+00:00,ENTER,BNBUSDT,long,6.25,959.9,949.6928571428572,980.3142857142857,full,trend,2.0,,
2025-09-26T17:44:40+00:00,ENTER,ETHUSDT,long,1.49,4023.8,3974.332142857143,4122.7357142857145,full,trend,2.0,,
2025-09-26T17:44:41+00:00,ENTER,BNBUSDT,long,6.25,959.9,949.6928571428572,980.3142857142857,full,trend,2.0,,
2025-09-26T17:44:47+00:00,ENTER,ETHUSDT,long,1.49,4023.8,3974.332142857143,4122.7357142857145,full,trend,2.0,,
2025-09-26T17:44:47+00:00,ENTER,BNBUSDT,long,6.25,959.9,949.6928571428572,980.3142857142857,full,trend,2.0,,
2025-09-26T17:44:53+00:00,ENTER,ETHUSDT,long,1.49,4023.8,3974.332142857143,4122.7357142857145,full,trend,2.0,,
2025-09-26T17:44:54+00:00,ENTER,BNBUSDT,long,6.25,959.9,949.6928571428572,980.3142857142857,full,trend,2.0,,
2025-09-26T17:44:59+00:00,ENTER,ETHUSDT,long,1.49,4024.42,3974.952142857143,4123.355714285714,full,trend,2.0,,
2025-09-26T17:45:06+00:00,ENTER,ETHUSDT,long,1.49,4024.42,3974.952142857143,4123.355714285714,full,trend,2.0,,
2025-09-26T17:45:12+00:00,ENTER,ETHUSDT,long,1.49,4024.42,3974.952142857143,4123.355714285714,full,trend,2.0,,
2025-09-26T17:45:18+00:00,ENTER,ETHUSDT,long,1.49,4024.42,3974.952142857143,4123.355714285714,full,trend,2.0,,
2025-09-26T17:45:25+00:00,ENTER,ETHUSDT,long,1.49,4024.42,3974.952142857143,4123.355714285714,full,trend,2.0,,
2025-09-26T17:45:31+00:00,ENTER,ETHUSDT,long,1.49,4024.42,3974.952142857143,4123.355714285714,full,trend,2.0,,
2025-09-26T17:45:37+00:00,ENTER,ETHUSDT,long,1.49,4024.42,3974.952142857143,4123.355714285714,full,trend,2.0,,
2025-09-26T17:45:43+00:00,ENTER,ETHUSDT,long,1.49,4024.42,3974.952142857143,4123.355714285714,full,trend,2.0,,
2025-09-26T17:45:50+00:00,ENTER,ETHUSDT,long,1.49,4024.42,3974.952142857143,4123.355714285714,full,trend,2.0,,
2025-09-26T17:45:56+00:00,ENTER,ETHUSDT,long,1.49,4024.42,3974.952142857143,4123.355714285714,full,trend,2.0,,
2025-09-26T17:46:02+00:00,ENTER,ETHUSDT,long,1.49,4024.42,3974.952142857143,4123.355714285714,full,trend,2.0,,
2025-09-26T17:46:09+00:00,ENTER,ETHUSDT,long,1.49,4024.42,3974.952142857143,4123.355714285714,full,trend,2.0,,
2025-09-26T17:46:15+00:00,ENTER,ETHUSDT,long,1.49,4024.42,3974.952142857143,4123.355714285714,full,trend,2.0,,
2025-09-26T17:46:21+00:00,ENTER,ETHUSDT,long,1.49,4024.42,3974.952142857143,4123.355714285714,full,trend,2.0,,
2025-09-26T17:46:28+00:00,ENTER,ETHUSDT,long,1.49,4024.42,3974.952142857143,4123.355714285714,full,trend,2.0,,
2025-09-26T17:46:34+00:00,ENTER,ETHUSDT,long,1.49,4024.42,3974.952142857143,4123.355714285714,full,trend,2.0,,
2025-09-26T17:46:40+00:00,ENTER,ETHUSDT,long,1.49,4024.42,3974.952142857143,4123.355714285714,full,trend,2.0,,
2025-09-26T17:46:47+00:00,ENTER,ETHUSDT,long,1.49,4024.42,3974.952142857143,4123.355714285714,full,trend,2.0,,
2025-09-26T17:46:53+00:00,ENTER,ETHUSDT,long,1.49,4024.42,3974.952142857143,4123.355714285714,full,trend,2.0,,
2025-09-26T17:46:59+00:00,ENTER,ETHUSDT,long,1.49,4024.42,3974.952142857143,4123.355714285714,full,trend,2.0,,
2025-09-26T17:47:05+00:00,ENTER,ETHUSDT,long,1.49,4024.42,3974.952142857143,4123.355714285714,full,trend,2.0,,
2025-09-26T17:47:11+00:00,ENTER,ETHUSDT,long,1.49,4024.42,3974.952142857143,4123.355714285714,full,trend,2.0,,
2025-09-26T17:47:18+00:00,ENTER,ETHUSDT,long,1.49,4024.42,3974.952142857143,4123.355714285714,full,trend,2.0,,
2025-09-26T17:47:24+00:00,ENTER,ETHUSDT,long,1.49,4024.42,3974.952142857143,4123.355714285714,full,trend,2.0,,
2025-09-26T17:47:30+00:00,ENTER,ETHUSDT,long,1.49,4024.42,3974.952142857143,4123.355714285714,full,trend,2.0,,
2025-09-26T17:47:37+00:00,ENTER,ETHUSDT,long,1.49,4024.42,3974.952142857143,4123.355714285714,full,trend,2.0,,
2025-09-26T17:47:43+00:00,ENTER,ETHUSDT,long,1.49,4024.42,3974.952142857143,4123.355714285714,full,trend,2.0,,
2025-09-26T17:47:49+00:00,ENTER,ETHUSDT,long,1.49,4024.42,3974.952142857143,4123.355714285714,full,trend,2.0,,
2025-09-26T17:47:55+00:00,ENTER,ETHUSDT,long,1.49,4024.42,3974.952142857143,4123.355714285714,full,trend,2.0,,
2025-09-26T17:48:02+00:00,ENTER,ETHUSDT,long,1.49,4024.42,3974.952142857143,4123.355714285714,full,trend,2.0,,
2025-09-26T17:48:08+00:00,ENTER,ETHUSDT,long,1.49,4024.42,3974.952142857143,4123.355714285714,full,trend,2.0,,
2025-09-26T17:48:14+00:00,ENTER,ETHUSDT,long,1.49,4024.42,3974.952142857143,4123.355714285714,full,trend,2.0,,
2025-09-26T17:48:20+00:00,ENTER,ETHUSDT,long,1.49,4024.42,3974.952142857143,4123.355714285714,full,trend,2.0,,
2025-09-26T17:48:26+00:00,ENTER,ETHUSDT,long,1.49,4024.42,3974.952142857143,4123.355714285714,full,trend,2.0,,
2025-09-26T17:48:33+00:00,ENTER,ETHUSDT,long,1.49,4024.42,3974.952142857143,4123.355714285714,full,trend,2.0,,
2025-09-26T17:48:34+00:00,ENTER,BNBUSDT,long,6.25,958.6,948.3428571428572,979.1142857142856,full,trend,2.0,,
2025-09-26T17:48:39+00:00,ENTER,ETHUSDT,long,1.49,4024.42,3974.952142857143,4123.355714285714,full,trend,2.0,,
2025-09-26T17:48:41+00:00,ENTER,BNBUSDT,long,6.25,958.6,948.3285714285714,979.1428571428571,full,trend,2.0,,
2025-09-26T17:48:47+00:00,ENTER,ETHUSDT,long,1.49,4024.42,3974.952142857143,4123.355714285714,full,trend,2.0,,
2025-09-26T17:48:47+00:00,ENTER,BNBUSDT,long,6.25,958.6,948.3285714285714,979.1428571428571,full,trend,2.0,,
2025-09-26T17:48:53+00:00,ENTER,ETHUSDT,long,1.49,4024.42,3974.736428571429,4123.7871428571425,full,trend,2.0,,
2025-09-26T17:48:54+00:00,ENTER,BNBUSDT,long,6.25,958.6,948.3285714285714,979.1428571428571,full,trend,2.0,,
2025-09-26T17:48:59+00:00,ENTER,ETHUSDT,long,1.49,4024.42,3974.736428571429,4123.7871428571425,full,trend,2.0,,
2025-09-26T17:49:00+00:00,ENTER,BNBUSDT,long,6.25,958.6,948.3285714285714,979.1428571428571,full,trend,2.0,,
2025-09-26T17:49:06+00:00,ENTER,ETHUSDT,long,1.49,4024.42,3974.736428571429,4123.7871428571425,full,trend,2.0,,
2025-09-26T17:49:06+00:00,ENTER,BNBUSDT,long,6.25,958.6,948.3285714285714,979.1428571428571,full,trend,2.0,,
2025-09-26T17:49:12+00:00,ENTER,ETHUSDT,long,1.49,4024.42,3974.6028571428574,4124.0542857142855,full,trend,2.0,,
2025-09-26T17:49:13+00:00,ENTER,BNBUSDT,long,6.25,958.6,948.3285714285714,979.1428571428571,full,trend,2.0,,
2025-09-26T17:49:18+00:00,ENTER,ETHUSDT,long,1.49,4024.42,3974.415,4124.43,full,trend,2.0,,
2025-09-26T17:49:19+00:00,ENTER,BNBUSDT,long,6.25,958.6,948.3071428571429,979.1857142857143,full,trend,2.0,,
2025-09-26T17:49:25+00:00,ENTER,ETHUSDT,long,1.49,4024.42,3974.415,4124.43,full,trend,2.0,,
2025-09-26T17:49:25+00:00,ENTER,BNBUSDT,long,6.25,958.6,948.3071428571429,979.1857142857143,full,trend,2.0,,
2025-09-26T17:49:31+00:00,ENTER,ETHUSDT,long,1.49,4024.42,3974.415,4124.43,full,trend,2.0,,
2025-09-26T17:49:32+00:00,ENTER,BNBUSDT,long,6.25,958.6,948.3071428571429,979.1857142857143,full,trend,2.0,,
2025-09-26T17:49:37+00:00,ENTER,ETHUSDT,long,1.49,4024.42,3974.415,4124.43,full,trend,2.0,,
2025-09-26T17:49:38+00:00,ENTER,BNBUSDT,long,6.25,958.6,948.3000000000001,979.1999999999999,full,trend,2.0,,
2025-09-26T17:49:44+00:00,ENTER,ETHUSDT,long,1.49,4024.42,3974.415,4124.43,full,trend,2.0,,
2025-09-26T17:49:44+00:00,ENTER,BNBUSDT,long,6.25,958.6,948.2714285714286,979.2571428571429,full,trend,2.0,,
2025-09-26T17:49:50+00:00,ENTER,ETHUSDT,long,1.49,4024.42,3974.3478571428573,4124.564285714286,full,trend,2.0,,
2025-09-26T17:49:51+00:00,ENTER,BNBUSDT,long,6.25,958.6,948.2571428571429,979.2857142857142,full,trend,2.0,,
2025-09-26T17:49:56+00:00,ENTER,ETHUSDT,long,1.49,4024.42,3974.3478571428573,4124.564285714286,full,trend,2.0,,
2025-09-26T17:49:57+00:00,ENTER,BNBUSDT,long,6.25,958.6,948.2571428571429,979.2857142857142,full,trend,2.0,,
2025-09-26T17:50:03+00:00,ENTER,ETHUSDT,long,1.49,4024.42,3974.3478571428573,4124.564285714286,full,trend,2.0,,
2025-09-26T17:50:03+00:00,ENTER,BNBUSDT,long,6.25,958.6,948.2571428571429,979.2857142857142,full,trend,2.0,,
2025-09-26T17:50:09+00:00,ENTER,ETHUSDT,long,1.49,4024.42,3974.3364285714288,4124.587142857143,full,trend,2.0,,
2025-09-26T17:50:10+00:00,ENTER,BNBUSDT,long,6.25,958.6,948.2571428571429,979.2857142857142,full,trend,2.0,,
2025-09-26T17:50:15+00:00,ENTER,ETHUSDT,long,1.49,4024.42,3974.3364285714288,4124.587142857143,full,trend,2.0,,
2025-09-26T17:50:16+00:00,ENTER,BNBUSDT,long,6.25,958.6,948.2571428571429,979.2857142857142,full,trend,2.0,,
2025-09-26T17:50:22+00:00,ENTER,ETHUSDT,long,1.49,4024.42,3974.3364285714288,4124.587142857143,full,trend,2.0,,
2025-09-26T17:50:23+00:00,ENTER,BNBUSDT,long,6.25,958.6,948.2571428571429,979.2857142857142,full,trend,2.0,,
2025-09-26T17:50:29+00:00,ENTER,ETHUSDT,long,1.49,4024.42,3974.3364285714288,4124.587142857143,full,trend,2.0,,
2025-09-26T17:50:29+00:00,ENTER,BNBUSDT,long,6.25,958.6,948.2571428571429,979.2857142857142,full,trend,2.0,,
2025-09-26T17:50:35+00:00,ENTER,ETHUSDT,long,1.49,4024.42,3974.3364285714288,4124.587142857143,full,trend,2.0,,
2025-09-26T17:50:36+00:00,ENTER,BNBUSDT,long,6.25,958.6,948.2571428571429,979.2857142857142,full,trend,2.0,,
2025-09-26T17:50:41+00:00,ENTER,ETHUSDT,long,1.49,4024.42,3974.3364285714288,4124.587142857143,full,trend,2.0,,
2025-09-26T17:50:42+00:00,ENTER,BNBUSDT,long,6.25,958.6,948.2571428571429,979.2857142857142,full,trend,2.0,,
2025-09-26T17:50:48+00:00,ENTER,ETHUSDT,long,1.49,4024.42,3974.3364285714288,4124.587142857143,full,trend,2.0,,
2025-09-26T17:50:49+00:00,ENTER,BNBUSDT,long,6.25,958.6,948.2571428571429,979.2857142857142,full,trend,2.0,,
2025-09-26T17:50:54+00:00,ENTER,ETHUSDT,long,1.49,4024.42,3974.28,4124.7,full,trend,2.0,,
2025-09-26T17:50:55+00:00,ENTER,BNBUSDT,long,6.25,958.6,948.2571428571429,979.2857142857142,full,trend,2.0,,
2025-09-26T17:51:01+00:00,ENTER,ETHUSDT,long,1.49,4024.42,3974.28,4124.7,full,trend,2.0,,
2025-09-26T17:51:02+00:00,ENTER,BNBUSDT,long,6.25,958.6,948.2571428571429,979.2857142857142,full,trend,2.0,,
2025-09-26T17:51:08+00:00,ENTER,ETHUSDT,long,1.49,4024.42,3974.28,4124.7,full,trend,2.0,,
2025-09-26T17:51:08+00:00,ENTER,BNBUSDT,long,6.25,958.6,948.2571428571429,979.2857142857142,full,trend,2.0,,
2025-09-26T17:51:14+00:00,ENTER,ETHUSDT,long,1.49,4024.42,3974.28,4124.7,full,trend,2.0,,
2025-09-26T17:51:15+00:00,ENTER,BNBUSDT,long,6.25,958.6,948.2428571428571,979.3142857142857,full,trend,2.0,,
2025-09-26T17:51:20+00:00,ENTER,ETHUSDT,long,1.49,4024.42,3974.28,4124.7,full,trend,2.0,,
2025-09-26T17:51:21+00:00,ENTER,BNBUSDT,long,6.25,958.6,948.2428571428571,979.3142857142857,full,trend,2.0,,
2025-09-26T17:51:27+00:00,ENTER,ETHUSDT,long,1.49,4024.42,3974.28,4124.7,full,trend,2.0,,
2025-09-26T17:51:27+00:00,ENTER,BNBUSDT,long,6.25,958.6,948.2357142857144,979.3285714285714,full,trend,2.0,,
2025-09-26T17:51:33+00:00,ENTER,ETHUSDT,long,1.49,4024.42,3974.28,4124.7,full,trend,2.0,,
2025-09-26T17:51:34+00:00,ENTER,BNBUSDT,long,6.25,958.6,948.2357142857144,979.3285714285714,full,trend,2.0,,
2025-09-26T17:51:39+00:00,ENTER,ETHUSDT,long,1.49,4024.42,3974.28,4124.7,full,trend,2.0,,
2025-09-26T17:51:40+00:00,ENTER,BNBUSDT,long,6.25,958.6,948.2357142857144,979.3285714285714,full,trend,2.0,,
2025-09-26T17:51:46+00:00,ENTER,ETHUSDT,long,1.49,4024.42,3974.28,4124.7,full,trend,2.0,,
2025-09-26T17:51:46+00:00,ENTER,BNBUSDT,long,6.25,958.6,948.2357142857144,979.3285714285714,full,trend,2.0,,
2025-09-26T17:51:52+00:00,ENTER,ETHUSDT,long,1.49,4024.42,3974.28,4124.7,full,trend,2.0,,
2025-09-26T17:51:52+00:00,ENTER,BNBUSDT,long,6.25,958.6,948.2357142857144,979.3285714285714,full,trend,2.0,,
2025-09-26T17:51:58+00:00,ENTER,ETHUSDT,long,1.49,4024.42,3974.28,4124.7,full,trend,2.0,,
2025-09-26T17:51:59+00:00,ENTER,BNBUSDT,long,6.25,958.6,948.2357142857144,979.3285714285714,full,trend,2.0,,
2025-09-26T17:52:04+00:00,ENTER,ETHUSDT,long,1.49,4024.42,3974.236428571429,4124.7871428571425,full,trend,2.0,,
2025-09-26T17:52:05+00:00,ENTER,BNBUSDT,long,6.25,958.6,948.2357142857144,979.3285714285714,full,trend,2.0,,
2025-09-26T17:52:11+00:00,ENTER,ETHUSDT,long,1.49,4024.42,3974.236428571429,4124.7871428571425,full,trend,2.0,,
2025-09-26T17:52:12+00:00,ENTER,BNBUSDT,long,6.25,958.6,948.2357142857144,979.3285714285714,full,trend,2.0,,
2025-09-26T17:52:17+00:00,ENTER,ETHUSDT,long,1.49,4024.42,3974.236428571429,4124.7871428571425,full,trend,2.0,,
2025-09-26T17:52:18+00:00,ENTER,BNBUSDT,long,6.25,958.6,948.2357142857144,979.3285714285714,full,trend,2.0,,
2025-09-26T17:52:23+00:00,ENTER,ETHUSDT,long,1.49,4024.42,3974.236428571429,4124.7871428571425,full,trend,2.0,,
2025-09-26T17:52:24+00:00,ENTER,BNBUSDT,long,6.25,958.6,948.2357142857144,979.3285714285714,full,trend,2.0,,
2025-09-26T17:52:30+00:00,ENTER,ETHUSDT,long,1.49,4024.42,3974.236428571429,4124.7871428571425,full,trend,2.0,,
2025-09-26T17:52:31+00:00,ENTER,BNBUSDT,long,6.25,958.6,948.2357142857144,979.3285714285714,full,trend,2.0,,
2025-09-26T17:52:37+00:00,ENTER,ETHUSDT,long,1.49,4024.42,3974.236428571429,4124.7871428571425,full,trend,2.0,,
2025-09-26T17:52:38+00:00,ENTER,BNBUSDT,long,6.25,958.6,948.2357142857144,979.3285714285714,full,trend,2.0,,
2025-09-26T17:57:39+00:00,ENTER,ETHUSDT,long,0.74,4024.42,3974.236428571429,4124.7871428571425,full,trend,2.0,,
2025-09-26T17:57:48+00:00,ENTER,BNBUSDT,long,3.12,958.6,948.2285714285715,979.3428571428572,full,trend,2.0,,
2025-09-26T18:18:18+00:00,ENTER,MAIN,ETHUSDT,short,1.23,4061.68,4111.549285714285,3961.9414285714283,,full,False,,
2025-09-26T18:40:23+00:00,MAIN,ENTER,ETHUSDT,short,0.5,4044.24,4138.469999999999,3836.934,2.2,virtual,,
2025-09-26T18:41:42+00:00,MAIN,ENTER,ETHUSDT,short,0.5,4040.54,4134.7699999999995,3833.2340000000004,2.2,real,,
2025-09-28T01:30:02+00:00,ENTER,SOLUSDT,sub,short,1.1,201.7,202.4475,198.70999999999998,4.0,full,conf=2,,0.014479911409643244,False,False,False,False
2025-09-28T01:30:03+00:00,TP1,SOLUSDT,sub,short,0.5,201.715625,201.72,198.70999999999998,,full,SLBE,,,,,,False
2025-09-28T06:30:09+00:00,ENTER,SOLUSDT,sub,short,10.0,200.45,201.1510714285714,197.6457142857143,4.0,full,conf=2,,0.0060271232449911885,False,False,False,False
2025-09-28T06:30:57+00:00,TP1,SOLUSDT,sub,short,5.0,200.42333333333332,200.42,197.6457142857143,,full,SLBE,,,,,,False
2025-09-28T06:31:04+00:00,EXIT,SOLUSDT,sub,short,15.0,200.42333333333332,200.42,197.6457142857143,,full,flat,,,,,,False
2025-09-28T08:41:01+00:00,ENTER,BNBUSDT,sub,short,1.2,966.0,968.6178571428571,960.7642857142857,958.1464285714286,2.0,sub,conf=4,,0.008195925968297041,False,False,False,False
2025-09-28T12:45:06+00:00,ENTER,ETHUSDT,sub,short,0.8,3970.13,3980.0553250000003,3950.27935,3940.3540249999996,2.0,sub,conf=4,,0.009241945238173276,False,False,False,False
2025-09-28T12:45:07+00:00,TP1,ETHUSDT,sub,short,0.40000000000000013,3969.323333333333,3969.32,3950.27935,3940.3540249999996,,sub,SLBE,,,,,,False
2025-09-28T12:45:14+00:00,EXIT,ETHUSDT,sub,short,1.2000000000000002,3969.323333333333,3969.32,3950.27935,3940.3540249999996,,sub,flat,3969.32,,,,,False
